"pop","tlon", "tlat"
308745538,334971.577311025, 1615497.08181825
