"tlat","tlon","pop"
37.415725453597,-92.3463322515402,331449281
