"pop","geometry"
308745538,c(334971.577311025, 1615497.08181825)
